<?xml version="1.0" encoding="UTF-8"?>
<root>
  <item name="it.carlom.stikkyheader.core.StikkyHeaderBuilder it.carlom.stikkyheader.core.StikkyHeaderBuilder minHeightHeaderDim(int) 0">
    <annotation name="android.support.annotation.DimenRes" />
  </item>
  <item name="it.carlom.stikkyheader.core.StikkyHeaderBuilder it.carlom.stikkyheader.core.StikkyHeaderBuilder minHeightHeaderRes(int) 0">
    <annotation name="android.support.annotation.DimenRes" />
  </item>
  <item name="it.carlom.stikkyheader.core.StikkyHeaderBuilder it.carlom.stikkyheader.core.StikkyHeaderBuilder setHeader(int, android.view.ViewGroup) 0">
    <annotation name="android.support.annotation.IdRes" />
  </item>
</root>

